{
  "hash": "8c510554",
  "configHash": "7eb1f486",
  "lockfileHash": "7a62844d",
  "browserHash": "1f03b1c6",
  "optimized": {
    "@angular/common": {
      "src": "../../../../../../node_modules/@angular/common/fesm2022/common.mjs",
      "file": "@angular_common.js",
      "fileHash": "c2458d2a",
      "needsInterop": false
    },
    "@angular/common/http": {
      "src": "../../../../../../node_modules/@angular/common/fesm2022/http.mjs",
      "file": "@angular_common_http.js",
      "fileHash": "fbcd715e",
      "needsInterop": false
    },
    "@angular/core": {
      "src": "../../../../../../node_modules/@angular/core/fesm2022/core.mjs",
      "file": "@angular_core.js",
      "fileHash": "8c38051b",
      "needsInterop": false
    },
    "@angular/forms": {
      "src": "../../../../../../node_modules/@angular/forms/fesm2022/forms.mjs",
      "file": "@angular_forms.js",
      "fileHash": "b92db845",
      "needsInterop": false
    },
    "@angular/platform-browser": {
      "src": "../../../../../../node_modules/@angular/platform-browser/fesm2022/platform-browser.mjs",
      "file": "@angular_platform-browser.js",
      "fileHash": "2d66a3ee",
      "needsInterop": false
    },
    "@angular/router": {
      "src": "../../../../../../node_modules/@angular/router/fesm2022/router.mjs",
      "file": "@angular_router.js",
      "fileHash": "347113eb",
      "needsInterop": false
    },
    "rxjs": {
      "src": "../../../../../../node_modules/rxjs/dist/esm5/index.js",
      "file": "rxjs.js",
      "fileHash": "d641699f",
      "needsInterop": false
    },
    "rxjs/operators": {
      "src": "../../../../../../node_modules/rxjs/dist/esm5/operators/index.js",
      "file": "rxjs_operators.js",
      "fileHash": "72c6a08d",
      "needsInterop": false
    }
  },
  "chunks": {
    "chunk-YNE5C2CQ": {
      "file": "chunk-YNE5C2CQ.js"
    },
    "chunk-HQ5DBS3Z": {
      "file": "chunk-HQ5DBS3Z.js"
    },
    "chunk-DEAT6H7F": {
      "file": "chunk-DEAT6H7F.js"
    },
    "chunk-RR5AXKAS": {
      "file": "chunk-RR5AXKAS.js"
    },
    "chunk-LPEPAQVY": {
      "file": "chunk-LPEPAQVY.js"
    },
    "chunk-UEYFFO6E": {
      "file": "chunk-UEYFFO6E.js"
    },
    "chunk-LBGRCHB7": {
      "file": "chunk-LBGRCHB7.js"
    }
  }
}